3K8CQCU3KE19US5SN890DFPK3SANWR,0.13380854542159745
3Q2T3FD0ON86LCI41NJYV3PN0BW3MV,0.13380849589476254
3ULIZ0H1VA5C32JJMKOTQ8Z4GUS51B,0.13380854901974062
3BFF0DJK8XCEIOT30ZLBPPSRMZQTSD,0.13380848592871666
3QREJ3J433XSBS8QMHAICCR0BQ1LKR,0.24227745908762147
30F94FBDNRKF12C1PDZGZ0IRI9XTB1,0.2107348418330759
3JHB4BPSFK9JLT5CAPRP3PCEA2CQ9R,0.24999498056630098
3Y40HMYLL1I1EIURUEH8TTVLKQ9XUM,0.24999502292554232
30Y6N4AHYPWV0KXTZKLRUB59XBPRDA,0.2499953555657107
38O9DZ0A62NFBR1TA7YCNXN94XN26F,0.24999495369813243
3EHIMLB7F7Z6UVNZM7YHUFP2Z9HH8G,0.24999499957209823
3SA4EMRVJV2GPNGKAGT7A9LB24SP0N,0.23300855812497454
334ZEL5JX6FY5WOV4IZCVFM4NP9SOM,0.23300855866578637
39O0SQZVJN7FJBWJ87I5UJVDB0MR7H,0.23300851263060393
34D9ZRXCYRU93SUUUZUUUK2ZYABSAX,0.233008522955834
3VADEH0UHCXGQW0WJICRKFRUXUFSPD,0.2330085548574212
3ZICQFRS31I75COG1J4176QBUACZZ4,0.2621258003201861
37PGLWGSJT6QLR0K1ED5KWZ8UOYKI7,0.26212581187676337
3AC6MFV69KILEROMVXYU7ZM6YKVZHE,0.2621258042244167
30U1YOGZGAW71ZX6E9LWKLA5JBCSDZ,0.18520679040131424
3D17ECOUOEV9PNWF8100BB1K20131N,0.18520703106140515
3EKTG13IZU3N1G8T7TNYRPJ40XMMLR,0.24918383597751648
3P4ZBJFX2V3X60SBPKQN5AGB13KWFT,0.2491842856612142
3ZTE0JGGCESIYFZZ7W9CGAIM1OOCOH,0.2491843413506589
3QI9WAYOGQB8GQIR4MDIEF0D2RFS61,0.24918381304721207
3MJ9GGZYO36GYTDW0KFO32PV0G7A27,0.24918431105113015
3K2CEDRACB1BKTGYG2PPDGTLUAEMT0,0.26006845875759405
33NOQL7T9OZSLGNTST4OUMT7VZYZ8O,0.26006836705716935
3RSBJ6YZECQP1RJ9YYZDOG3PYZ8OFS,0.2600683669751623
3P458N04Q1HSU6LPBU72NA0T11LX23,0.24653202928878518
329E6HTMSW2BVOI1GB6IGQXJB613KQ,0.24653225587634484
3TLFH2L6Y9OLDPC56K65Y7FNO5S2TK,0.24653229731839366
367O8HRHKG8U13EDLYK3HHGZ609S4G,0.24653219925905942
371QPA24C2OEO4U9NG6RTO5IWZK1T8,0.25287771033110223
3BJKPTD2QCC2H9TQLAL6ZFNV0X7RTN,0.2528776721131334
33Q5P9PUSPMUXJD695KTW8PQLSRCZJ,0.25287768883295547
371Q3BEXDH9A40226RATBDT87VCZSZ,0.20624371201485228
368IUKXGA58B3Y2ZC59OJAV2F596PW,0.20624365190230132
3126F2F5F83FGDVEINSMVYNFW5WPE3,0.26403589620683005
3M93N4X8HKNK4LXYO577NJ5IOV9SJD,0.21158221742852956
3DGDV62G7O9NLXJYP3XLTXEQZ0H2PL,0.1831063817235674
368IUKXGA58B3Y2ZC59OJAV2F7EP6O,0.28690615386705687
3DFYDSXB2W00JYP2DA272KN69UQUJV,0.28690615386705687
3T8DUCXY0N6WD9X4RTLK8UN1UB7T98,0.19722899757690215
3MIVREZQVHY32PO3EMIETYQULYFKQA,0.1972290070346352
3PIOQ99R7YMW2OGNS8UZVR4NIEVUNZ,0.19722900695681891
3YZ7A3YHR5TCXMIDZ33DM9MD6UF5S5,0.19722897179555723
3DGDV62G7O9NLXJYP3XLTXEQZ2CP27,0.1972290058170846
31SIZS5W59FPPT1Y46RBUAC8GO1QRX,0.1909124381901707
3TC2K6WK9G22F5KH3MVA7BJ0ASD281,0.3246370182936778
3RQVKZ7ZRKJYFRFYTH34TBN5Z61274,0.18413711445615774
3NQUW096N688UWPZIKJTM3DK0W49L0,0.18413711358461052
32XN26MTXZJQY21MIO00TSCRXUM0LV,0.18413715761018382
30Y6N4AHYPWV0KXTZKLRUB59X97RDO,0.1841371158440818
375VSR8FVW9Y3L2PR2AOL3OCLTTRZ3,0.2168999936908738
31KSVEGZ34SU9QXKGFQHMZUU4PDWR2,0.216899836832687
39TX062QX1OHFOH8FUL76K5L7D3X3S,0.21689999198685425
3T6EIBTM9LO53W80DZ839K8TC2NAAY,0.2168999898122814
37MQ8Z1JQEWHUBBZGQT46O7235K2YF,0.21689998129918167
3ZLW647WALVGE8EBR50EGUBPU6F233,0.21573160061876998
3DTJ4WT8BDF9UHXK5WQOMWPT62RZEI,0.22035126586414255
3LB1BGHFL2WBEA5CZ5D07BGS3KSYT2,0.22035127749436867
31YWE12TE0CZG7IVH6OXJ1H1CH1X7D,0.22035122313689273
3R5LWXWHR08I90TWA9SRPEUUBIKXGC,0.1973947616570316
3O2Y2UIUCQU6B0YU067KHZMGEW6KFG,0.22706599195799249
3UOMW19E6D6WQ5TH2HDD74IVKRJ5C1,0.22706601234529042
3GMLHYZ0LEXQENK1ZA3AC72UMWHUY3,0.16945263205019268
3T2EL38U0MK9MPNAD5X3JSYWH7TQX4,0.16945234067548964
3IH9TRB0FBZOFQEYT47NFH39LIY1IL,0.21563562016841753
3R868ACW4SC7EVTBBRGCMZA5JKOGZ2,0.2156357418744449
3EQPA8A374WH5XJCJX1FJC2LBC5JZ9,0.21563569967402305
3QHITW7OYO9XQCFH2V5PZKNYGMLQA1,0.21563567425529415
3Z56AA6EK405IV5MKPHW2617A2XM6J,0.21563562482354862
3CVDZS288H011OYXLIK0WCEK310MFM,0.22357375845044766
337F8MIIMZDU0UU1CW1J7BAGB8R406,0.2235737589633391
3PZDSVZ3J5HXLQM8D23HIN6TJZ24ND,0.28925448606114296
3LG268AV3860SQBTVFWB0TNUXNQERQ,0.28925447159344797
30U1YOGZGAW71ZX6E9LWKLA5JD2SDT,0.26265020131911765
3ABAOCJ4R84YSDO6ZYVU8BIYA3FMQM,0.26265022922300135
3Y3CZJSZ9KT0W7I0KE38WZHHKURR52,0.23774559945065052
3SMIWMMK615MPIP1K9LMRAHEBOMWUB,0.23774596836590592
3X878VYTIEIIGLRAHCIBDUHU8A6F71,0.23774558739690907
3MG8450X2OAW59S08N7RZG9IITQUPP,0.25399879490270155
3P7RGTLO6EDBF9HMPQLS3YBPHESKAY,0.25399873346184904
3OB6JN3A9QPY4E36CDKUD1S36PBRMM,0.25399883588462774
30P8I9JKOILSPEZHTY8IXW6K50Z5V4,0.25399844215843925
3PA41K45VN4U7YG4VFEGPOVYAGGP71,0.25399882257319345
35O6H0UNLSGJYJZNC9UZU8VQAB25JP,0.17951117979707432
3J9L0X0VDFMO5Q1YMYQVVEU0Y5K9W9,0.1795111939973507
3S1L4CQSFX50ZNP8OFUVNLJK9I4FAK,0.17951125542690627
3S8A4GJRD33O8IZVYHINP2KK1TY6V5,0.3144216431031137
3D5G8J4N5A4UAGA7UUQG0CCYL1DTV7,0.1808533583502566
3XU9MCX6VOC8XAZD2V1AYSE50KUR2V,0.18085329876621647
379OL9DBSSESUVWY1Z8JGBFG9B89YS,0.1808532932444773
3OKP4QVBP2X6DNL3ZZ0D56JWAZCAGQ,0.27752363499466365
3P888QFVX3UMSG9ICEA70F7353UOQ3,0.2775236554982536
3T2HW4QDUV7FRSVT57QUJKNX6P2C93,0.27752367159208546
37Y5RYYI0P5LZ52N59M8ESDXZTEXSW,0.27752365303555204
3FCO4VKOZ4DQA7REM1Y5VCWUWBWE7R,0.2775236716968472
3NSCTNUR2ZN8XQWJI3HM19S7KOMA5S,0.23465651774442764
3A9LA2FRWSEW9WO7UFA9AE6VQKYHX0,0.23465621325170624
3HYV4299H0WUALWXW6QB9CSP7VX8E3,0.21069467159486485
3RIHDBQ1NEYLFKP3G880ZXQXJE6HM4,0.21069450855429897
3EAWOID6MTXTU7DGWS26G1ATOSNV08,0.21069976721170833
3YLPJ8OXX8D2XK0CF8QQGPXRLD04XL,0.20600668148777598
3SBNLSTU6U542BJK91F4GE786QQZDP,0.2060063790645821
3L2OEKSTW9ASGQDOW725GFK5P71Y87,0.25626187696433994
3QGTX7BCHP29YY4RUVXLI2JGTBAZ53,0.2689950047303174
31YWE12TE0CZG7IVH6OXJ1H1CFPX7X,0.2171710870070339
3T6SSHJUZFAZFWAW1BST7GKV2K9IIU,0.24766445349651867
3D0LPO3EABZV1I043OR1D1A54ATOYK,0.2476644484710676
3NQUW096N688UWPZIKJTM3DK0YGL9S,0.20950186624763775
3X7837UUADYFHNZ1HS44ME9Q688J6I,0.20163870977529022
3G5RUKN2EC3YIWSKUXZ8ZVH95RG9NE,0.20163851297477517
3K2CEDRACB1BKTGYG2PPDGTLU88MTQ,0.20163869961921813
3OJX0UFJ0Z7BDMCTRYBUDQ93DP99UA,0.2761681997776237
3VGET1QSZ0ZKR7D571SBHI3U3D67W1,0.2761681991539731
3TLFH2L6Y9OLDPC56K65Y7FNO322TQ,0.27616819811388504
3LN50BUKPVBTMJ56Z9FQ8TDZ523LPS,0.2761681990291092
3WKGUBL7SZM7XQJN1PN25V24E4BL41,0.2761682004333139
3K8CQCU3KE19US5SN890DFPK3U6WN0,0.25779367581945994
3NKW03WTLM7UXPIK301HH9KP85NQWB,0.2577938090635618
324N5FAHSXBV7XKK0LCOZLP22QUKV4,0.2577938366412528
36MUZ9VAE626RGSODE1RV46QIMZEDK,0.24985247962208149
3ABAOCJ4R84YSDO6ZYVU8BIYA39MQG,0.24985240705727238
3FW4EL5A3LORTQISN5M9XK6XOQ322C,0.3034608462083364
3YOAVL4CA0HR2F0RGQEBDAD2TDA4ZU,0.19827641693487555
3D06DR5225J65XHPA2Y8IB3T6LNMA9,0.19827645038277375
3DZKABX2ZI5DOZ8W88VQB2CUXHLCVJ,0.3584990968314636
302OLP89DZ7TWB5YXD4UFFYHC7KCAI,0.21793970995682735
3GMLHYZ0LEXQENK1ZA3AC72UMWMYUC,0.21793957474962666
3LOJFQ4BOXF9DGKY90CUTZJV2JQDKY,0.21793960771052348
3566S7OX5DJRQ6X2AD3QOSD072N17Q,0.26350364430692036
3J6BHNX0U9SIZSBBYUQXP4VPGNSKNN,0.3316963934486668
3J5XXLQDHMBPBZCDFFKPIZ80R2HV39,0.2567524018100584
3RWB1RTQDJNY7CLN5K6M3ORTL2YP84,0.19974784240825882
35U0MRQMUJ7EXO5ZYD4H626BMTROVB,0.26901128971158456
3S8A4GJRD33O8IZVYHINP2KK1TA6VH,0.33461994056576994
3Y7LTZE0YTMQJDU6VW5TQEBWSS3ZUL,0.29631225212900153
3P520RYKCH6SCZAHO8YD1A41RTPU53,0.39106876645822286
3G3AJKPCXLSRXPQMK4CSZ340NJFY46,0.22234537010190447
3GS542CVJVNUS7MEQX3M5EHNE6G59K,0.26654030662758493
3UY4PIS8QRLGTRPPQKKFKPZQ7FG1NL,0.31429817302763163
3BFNCI9LYKQN09BHXHH9CLSX5M137K,0.31429821326653645
32FESTC2NHQDBKJW3ILLFGABJACCUU,0.33574562303981365
3K1H3NEY7LZ4BUOFJ9RFV7R2V29GDY,0.33574564015838854
388CL5C1RJN1927IGW7LZKB8J9XLHN,0.3357456249028568
31N9JPQXIPIRX2A3S9N0CCFXO6OHNG,0.3357456251987216
3UDTAB6HH6ZVX00DTRXAOJLWX0509Y,0.3357456230922902
3BC9H1KCYUC36R96UAIBUVNR7E4YWM,0.208079167670868
3BA7SXOG1JQJJP12ICAB8JR8MKSR84,0.28345099166897336
3VADEH0UHCXGQW0WJICRKFRUXWBPSA,0.26080333354126717
31SIZS5W59FPPT1Y46RBUAC8GQ9QR9,0.2608033415975671
3R16PJFTS3RWDK15GPB1QVPPP4WK4N,0.34539101940206235
32CAVSKPCEPTOH9YNLW1YKRKFDQU1R,0.3453910580042696
3R868ACW4SC7EVTBBRGCMZA5JI6ZGZ,0.3453910580684833
3JU8CV4BRLC1S483C1VI0AHT078POD,0.34539103163135526
3QXFBUZ4ZKGQSWZ154H457VQH29UGR,0.35514636521771137
32TZXEA1OLKU7JFJ8F5JLGTQG0X146,0.35514623562734293
3TZ0XG8CBUKDFP5GOVAPHYREGYH89T,0.355146243736074
3JUDR1D0D6R8L9KDPGCAT2404YTQ2U,0.3551462681692243
3NSM4HLQNRUPDSMYRR2BPK23K2GQQD,0.3551464369164113
36D1BWBEHN1H0UMLXN5TCTKVUV62MP,0.2421739415725147
3FO95NVK5C0129GBWAGGPAR9YCHRSI,0.2421739415725147
36JW4WBR06KF9AXMUL4N476OMF2FH7,0.2612095797566496
3VGET1QSZ0ZKR7D571SBHI3U3FW7WV,0.4007961966704026
3MJ9GGZYO36GYTDW0KFO32PV0EV2AJ,0.3080968816387556
3Q7TKIAPOTAKXM2GU0OV8ZWARJVLD9,0.3080968892935633
3DZKABX2ZI5DOZ8W88VQB2CUXFUVC7,0.30809688918329386
3W0XM68YZPVFLL4MT7SZSXIMDKMK1A,0.3080968816801665
3TL87MO8CMPHV6GCL6JLWZZV3WBFLE,0.4441136890906108
3FBEFUUYRK54GUWXNMRRTF67GL96AK,0.2493081465160842
37S0QRNUFBGD1KM6J34BH2W3WSZ884,0.23765886068725703
334ZEL5JX6FY5WOV4IZCVFM4NRFSOW,0.21386135148640828
31SIZS5W59FPPT1Y46RBUAC8GOWRQT,0.43914272813404825
3OID399FXG7YXUSK8PLXDMRQUN9FDY,0.43914272503017554
3TUOHPJXYHXE6MJWPEW9BHGI56YWXY,0.43914273002053356
3UYRNV2KITZY4R9AP5TUZZMYLLXN82,0.4391427289993784
38LRF35D5LWPYKNDAPAKMD6HDXYU3D,0.43914281782213527
35XW21VSVGEQZBLYRQJK3YIASMALS8,0.31149385575855065
3H5TOKO3D9JPE5GGELH0GCK7OBD649,0.3114939020232838
338GLSUI43B4ZJB25FGM8LDQVQOSFA,0.3703696889241463
30IRMPJWDZJ3EQ33R17EYO0ZHKMKRG,0.2315219698033056
3QXFBUZ4ZKGQSWZ154H457VQH23UGL,0.25618953611508744
31HLTCK4BLVQ5BO1AUR91TX9V9CGVW,0.23777866962472485
31SIZS5W59FPPT1Y46RBUAC8GQ8RQ9,0.28483434847772576
3SZYX62S5G0QEOYLB052RIQHJIS57C,0.32022876210957113
3RTFSSG7T86J6S27BVTL0NLVYXTLW6,0.43857512716525027
3THR0FZ95PTB1JT5K92BJT89VX2LO6,0.4385752109555485
3R16PJFTS3RWDK15GPB1QVPPP6X4KC,0.4385752110229209
30Z7M1Q8UYKRK8FLG1OPDT2YMGZA8A,0.4385752097760169
3H4IKZHALBIJ7YWEV7IDHWCTAG6NN0,0.4385751850229709
308KJXFUJR6AIS79JZZK4PYL0TKATZ,0.3237870107523495
3ZXNP4Z39RL4GD163NL987ME56G7LM,0.3098944850066616
359AP8GAGGKBD970QASA5OWRBX27C6,0.3158645563183521
3UEBBGULPFOKEW36UKBMNMVEGLRUF6,0.2438112559468167
3VI0PC2ZAYK61DAUYS5ZUN3W24LXO9,0.367531688265506
3LN3BXKGC0V3K0O604W5NVGN2G7WGB,0.36753156604091414
3SA4EMRVJV2GPNGKAGT7A9LB24N0PT,0.36753155065575127
3XAOZ9UYRZR1WO2H6CCWOJUVCSFQ1D,0.2760575903028876
3QGTX7BCHP29YY4RUVXLI2JGTB4Z5X,0.3297887340433799
3MA5N0ATTCB8MMKPQVHKLN8G9ZVWKP,0.3297887340433799
32CXT5U14G3BZHTJM65GDUESTJQU85,0.44989551487804863
3MG8450X2OAW59S08N7RZG9IIRQUPL,0.42580869916511443
329E6HTMSW2BVOI1GB6IGQXJB4TK3V,0.30404389360991807
3UAU495MIISEK9GZTNUCAG4S8OUUO8,0.3040438755546468
3ABAOCJ4R84YSDO6ZYVU8BIYA39QMK,0.30404396496560965
3R5OYNIC2C9H5WDB8IHHUKNGZFJTPX,0.46108784965222016
351S7I5UG9WNO85TG9QLOPVC1YXJNS,0.4234343421180608
3TRB893CSJAOULN5SWOTVFH69PU7GG,0.4234343421180608
3UV0D2KX1MJLXY9RFEK4AIXKHAGF4L,0.3955189814039463
3NQUW096N688UWPZIKJTM3DK0YG9LG,0.37718926688370685
3PZDSVZ3J5HXLQM8D23HIN6TJ124NH,0.37718926653687473
3IKMEYR0LWVMA6MICBSDXGSR5Q0K2R,0.33984386255028376
32TMVRKDGNYCIJZ470EY0QGYU6348T,0.33984386255028376
3CMV9YRYP31X08284WA6BXRNW3XJLQ,0.33984386255028376
3CZH926SICETRK9VK30YS0CK57P4EC,0.34562148225723477
3CVBMEMMXBG2UHIGC26BGFT7ORJ7HV,0.27706839312392517
3ICOHX7ENCBCSWRU12DWGXM7OVV0EE,0.32299350475805466
3YLTXLH3DF6R0NMG8O0SG1KSOLPHPC,0.32299348455466875
3NRZ1LDP7W6DR8MAEA6ZG8OXK95ZPF,0.251668965786132
3BCRDCM0ODUAS75JZD4GNT93LVVK61,0.28291710751008164
30EMX9PEVKJFF53G6Q7JOY5V3M5KS4,0.2750829934867067
3CIS7GGG65JS8I3AZ9RG54AE4MUUEA,0.2750829713216138
3OB6JN3A9QPY4E36CDKUD1S36PHRMS,0.4415481748282816
378G7J1SJLY50MSFU96HNSVBP25WEB,0.4415481748282816
30P8I9JKOILSPEZHTY8IXW6K5YYV5P,0.30480000669328783
3R0WOCG21M9NGCPA3EGWZMST4ATUDH,0.29435272217157527
32204AGAABCLNATH55A5MS60NSUHGW,0.4671293072556328
3TLFH2L6Y9OLDPC56K65Y7FNO5RT2A,0.46712929581814366
362E9TQF2HQLJ541BNSQM47FN7HIG2,0.3610034745556638
37VHPF5VYC3FDNCJ0FKGJOSMMJPC8J,0.3994059600283529
3MIVREZQVHY32PO3EMIETYQULWOQKL,0.3994059600283529
3P0I4CQYVY7RCD54ON9DS4PPT2YWOY,0.3994059600283529
3EN4YVUOUCSS02JXIFDUMRMA3C1JX6,0.3994059600283529
388FBO7JZRTDJX0S29ROYCA0E26NYQ,0.3994059600283529
3YLTXLH3DF6R0NMG8O0SG1KSOLUPHP,0.3662856975874751
3NSCTNUR2ZN8XQWJI3HM19S7KQYA58,0.39715578997337736
38XPGNCKHT0ATVVHFTP8S40652DV4U,0.4233661371461226
3QI9WAYOGQB8GQIR4MDIEF0D2P46S0,0.2713218614108032
3R6RZGK0XFCQR29140DF8T4D03VYV1,0.2903106481613778
3RIHDBQ1NEYLFKP3G880ZXQXJGEHMG,0.3950791795789725
379OL9DBSSESUVWY1Z8JGBFG9BTY92,0.3950791919535535
3OCZWXS7ZO7PT9NNFU6CAN8IE2X5LL,0.4378522097827065
3Y7LTZE0YTMQJDU6VW5TQEBWSQLUZU,0.4378522097827065
3AA88CN98P3CBRFP5WZ86KTWK7VYKQ,0.4378522097827065
3HXCEECSQMT70MEB5X2ITZH9OEWYZW,0.4378522097827065
3P520RYKCH6SCZAHO8YD1A41RTVU59,0.3971736411412534
31SIZS5W59FPPT1Y46RBUAC8GQ8QR8,0.4249951030700212
3421H3BM9AH2Z61ZFZ7G6O0SW9B9JE,0.5038125662160114
38VTL6WC4AD9T8UMY9V24VAENH15YD,0.5038125662160114
322ZSN9Z5GKVG3RSAYPTRMCL8HO4TE,0.3819082418057091
3QO7EE372ON29MK9895LUV74Y2FQB1,0.3458163600360264
3FCO4VKOZ4DQA7REM1Y5VCWUWBR7EF,0.4760964330837392
3ZQX1VYFTD5GMC9MQKT7EOM3BX38O7,0.3517229536889645
3P4C70TRMRHN96C7WQP3EKZ74BGGLJ,0.4119872377992002
3XD2A6FGFNUVY9KP2TGUYPRFSSNS9C,0.4119872813730074
33N1S8XHHMLAAG38T8V9FC6ZHV61ZO,0.41198724411170146
373L46LKP76MG2KQJWY5WXE873SKJO,0.4119872494272632
33N1S8XHHMLAAG38T8V9FC6ZHTT1Z7,0.4119872479844254
3VZYA8PITOYCWDY1Q1KTC3GUB4M50C,0.5162238548769762
3OND0WXMHWFN3WXQZAKHMPLOAESHEW,0.38656393254585936
3X2YVV51PU46GLY3ILB2G8CH0RK1WC,0.4216286706423753
375VSR8FVW9Y3L2PR2AOL3OCLRTZR7,0.4216287218233677
3TZDZ3Y0JS6V4PLVPA1A2O462SB91A,0.5480113004316048
3D06DR5225J65XHPA2Y8IB3T6LOAMY,0.5480113004316048
3BJKPTD2QCC2H9TQLAL6ZFNV0XDTRV,0.4780363805966646
3THR0FZ95PTB1JT5K92BJT89VX7LOB,0.4070255857414263
3DWNFENNE3V120VNY4BPPGPCAHX4JD,0.4343278187513286
3LCXHSGDLT6CT5B6A4WGQ3SQJNDSES,0.4343278187513286
391FPZIE4CM4SSUCPAZMQ77RW04UH4,0.32663904332940175
3WJGKMRWVI9RUI8AHNVW5G6NXAHCDK,0.37430936961399713
32K26U12DNONTREA84Q1V8UCIHXDVK,0.4212567333375104
3MWOYZD5WVO1PJWQWMIQWLCY0QUONZ,0.25493365862351486
341YLJU21IZV4BWUC871K0DEDM4I27,0.40716155106868657
3WKGUBL7SZM7XQJN1PN25V24E424LB,0.40716155106868657
31YWE12TE0CZG7IVH6OXJ1H1CF1X79,0.40716155106868657
3MG8450X2OAW59S08N7RZG9IITWPUQ,0.4470996832884991
3P6ENY9P79WZJ1ZCVTA874JG27ZHI5,0.4758350101629256
3JTPR5MTZSCE9355UUUBVNV3P2S5KI,0.4758350101629256
366FYU4PTGPE5MYY5VNEZH1G2VWKE3,0.4758350101629256
386659BNTLHD8VXIPEIH9D3DZOH01P,0.41992115556272336
3VGZ74AYTGGU62I1JDW4B19KA2XGCY,0.41921167187285
31KSVEGZ34SU9QXKGFQHMZUU4REWR7,0.20625005910324576
3K1H3NEY7LZ4BUOFJ9RFV7R2V2XGDM,0.20624992261522013
34OWYT6U3WH64VHTXHMGUNLSJUB9IR,0.20624994469228344
37SQU136V7ODFKI0LXMHNIMN4G711D,0.20624990198617774
30EMX9PEVKJFF53G6Q7JOY5V3MJKSI,0.2062498998039964
30Y6N4AHYPWV0KXTZKLRUB59XB3DRA,0.1706280976806119
37VHPF5VYC3FDNCJ0FKGJOSMMJ3C8X,0.1706280957203313
3BC9H1KCYUC36R96UAIBUVNR7ENWY3,0.17062807826470258
32ZCLEW0BZKNRTH6WO3DSE071DCPJ8,0.17062806690753907
3CVBMEMMXBG2UHIGC26BGFT7OR7H7T,0.21073502458219098
39HYCOOPKOL434K1UCPA8CBZRO4DMM,0.18520683468396162
31S7M7DAGGQREBYDGQOAD3EWU60TLJ,0.18520681349160242
3W3RSPVVGSR6EOD2GVEKIZ0YDK7ULB,0.18520681496696834
3ZZAYRN1I6RZKW1ATI425KIQPA7TO0,0.18520683456414214
3HJ1EVZS2OJXISVW6VFFH2JX6YE3R2,0.24016665665990186
3KTCJ4SCVG1AB94PEJ5F7AAQ2R11MK,0.2401667096302541
3E9VAUV7BWE6ZE63T5MJC6Q0FVLYAV,0.28140549234521023
37OPIVELUU3KDJGEJ5IVQ6VXPZ8AH8,0.17028362569725686
329E6HTMSW2BVOI1GB6IGQXJB7I3K9,0.17028360539023124
3RWB1RTQDJNY7CLN5K6M3ORTL2NP8T,0.17028361845670661
3ZLW647WALVGE8EBR50EGUBPU6Y23M,0.17028362251278292
307L9TDWJYSC3U34DOYY8IEN52NN3Y,0.17028362500708805
3B0MCRZMBRUJD4K4R18XPAMJACNPPD,0.2240630135648972
3N5YJ55YXG3CNF2PM3D8VQSTBCFANH,0.2240623926288083
3ICOHX7ENCBCSWRU12DWGXM7OY2E05,0.22406242791896172
3L55D8AUFAXUST31DJIAI1GOFY6CYB,0.22406246744770697
3D7VY91L65XBO7MHGGY4DMNZO4QBMD,0.22406237858880185
3CESM1J3EI31N7Z0ORNJB43Y84V6WE,0.1834574914689188
38XPGNCKHT0ATVVHFTP8S40654T4VN,0.18345749127206126
37G6BXQPLQL0GPWTI07BV3DP112QEF,0.22225389341426863
3ATYLI1PRT256T55HOQY3EVHR8GJOL,0.18551903782205922
3OJX0UFJ0Z7BDMCTRYBUDQ93DPRU9D,0.18310617789759073
3SSN80MU8CONBMPF00D6N6MNI1LKXQ,0.28690615386705687
3ICOHX7ENCBCSWRU12DWGXM7OX50ES,0.31231142263406886
3LG268AV3860SQBTVFWB0TNUXN4ER4,0.31231137918700663
3MGHRFQY2LPAY18L13PQN0EN69F0YC,0.31231139824520504
3UOMW19E6D6WQ5TH2HDD74IVKT25CO,0.31231135530487303
3W0KKJIARR9XWLO7SS1E775URT9K8H,0.3123113629962843
3XD2A6FGFNUVY9KP2TGUYPRFSS7S9W,0.22618107854548528
31GN6YMHLPS6A5XXV4QMC9ZQQTSSWM,0.190912407433418
3421H3BM9AH2Z61ZFZ7G6O0SW9U9JX,0.1957837633369597
3KWGG5KP6J2UYCENUGUZO6TH6OSCML,0.19578376542613815
3R15W654VDTEMV6LZMUF8Y39AY3LQX,0.19578387246562126
35O6H0UNLSGJYJZNC9UZU8VQADBJ5G,0.2301932692557098
3YCT0L9OMM9GNBOJ33ZZGQMZXIMNSQ,0.2301932494298992
3UZUVSO3P7V9VAY1Q70UEUTKR05MEO,0.23019326120135367
3R16PJFTS3RWDK15GPB1QVPPP6M4K1,0.2301932467290285
37VUR2VJ6APX2NSY1UB14E5E8DXC1D,0.2301932774802198
3XEIP58NL0NN0N7CMIDSZRFDF1TZLA,0.1983558373930887
34F34TZU7WZRZMG0UQS1W1SEQ3Q2J4,0.23828505629622754
3L1EFR8WWT5MU4F3W9GVRQ8032D9FU,0.23828505583226503
35F6NGNVM8JSZQ9BCWN0UYWVZL37TU,0.24556359844002051
3CKVGCS3PG5D2FWC2XX15EQMPOIS0P,0.24556356387440123
3VGZ74AYTGGU62I1JDW4B19KA2GCGD,0.24556369780125506
366FYU4PTGPE5MYY5VNEZH1G2VAEKB,0.24556359553880128
3MIVREZQVHY32PO3EMIETYQULY3QK4,0.24556354874941486
34O39PNDK682LNZ9LOULZLH9UQWRBM,0.16945238862438608
382GHPVPHSRQHMTYVJJ2998NEK043Q,0.2494620200205954
3IYI9285WS04X482RJH78E102U2JCT,0.24946202653066765
3SBNLSTU6U542BJK91F4GE786SMDZ3,0.23279701679931283
3AJA9FLWSCYF558603M84J73MTYFIJ,0.22301372960579272
33J5JKFMK6YX6RGWTGQFCC9SACHQ3T,0.2230137276619799
36FFXPMST9O9FNAFTONDR1F2EGCOHL,0.22301372494364283
3HEADTGN2PSHU1XFQ5LL0XBGXJ5VRR,0.22301373137613892
33NOQL7T9OZSLGNTST4OUMT7V1UZ8O,0.22301373024468585
3MDWE879UH2WHN3NR7UZ80HFO4QB9J,0.20641829787676547
36D1BWBEHN1H0UMLXN5TCTKVUXL2M8,0.20641828605104537
3MG8450X2OAW59S08N7RZG9IITFUPE,0.1795111846983335
3XABXM4AJ15J7OM25XLB3TH3QY48QY,0.179511185855189
31YWE12TE0CZG7IVH6OXJ1H1CHKX7W,0.2078895107028482
32TZXEA1OLKU7JFJ8F5JLGTQG0M14V,0.20788954102719048
3H5TOKO3D9JPE5GGELH0GCK7OBW64S,0.20788952790573764
37Y5RYYI0P5LZ52N59M8ESDXZV3XSP,0.2248277264375035
3KLL7H3EGD1457JCU09RMT9AA99HVG,0.22482765042670558
3PMR2DOWOO1TV1G2927VO667SGR45G,0.23465624542093189
3QTFNPMJC6IDONAXYVT7CJJ2KWTNZ0,0.20581669901409425
37J05LC5AXJE2WEGRFCISKJINV7DJI,0.20581674157092836
3OB6JN3A9QPY4E36CDKUD1S36P0MR6,0.2534488544207618
37Y5RYYI0P5LZ52N59M8ESDXZVYSXF,0.2534488683796326
3IWA71V4TIGGC74QYWJ5DNH5H676XD,0.26371372678642624
3VGET1QSZ0ZKR7D571SBHI3U3GDW73,0.223017474279438
37SOB9Z0SSXMFU0J1BIJVQAY07NL3U,0.223017596676604
3SNR5F7R92TNZR8A5S22M1M3ARQIE9,0.22301748651344622
32LAQ1JNT9PUX1L7P4GB4QAF7XSUTD,0.22301750101814707
3CESM1J3EI31N7Z0ORNJB43Y840W69,0.22482915032155806
3KVQ0UJWPXL543ZMJ8DEJYPYC9K5WX,0.22482765258733553
36U4VBVNQODHHM8FLFBG4B9XJB3RU3,0.2248291333410575
3PMR2DOWOO1TV1G2927VO667SGR54H,0.224829170229082
3LN3BXKGC0V3K0O604W5NVGN2I3GWV,0.22482766093000964
3X52SWXE0X5Q3O81YI0MX4V84QBWC1,0.21333782071532306
3TLFH2L6Y9OLDPC56K65Y7FNO5H2T9,0.2133381646213667
30F94FBDNRKF12C1PDZGZ0IRIBOTBW,0.2368789118080291
37VUR2VJ6APX2NSY1UB14E5E8D3C1J,0.2147856938232021
3X0EMNLXEPPWIOH0DDHWV2B1W0OVP4,0.20950183449873228
3LN3BXKGC0V3K0O604W5NVGN2I3WGB,0.2095018349338643
3G3AJKPCXLSRXPQMK4CSZ340NLP4YQ,0.20950188415674367
3VAOOVPI3ZS3VYQ87HMJRC4F0SLLLD,0.20950188276419135
32CAVSKPCEPTOH9YNLW1YKRKFDA1UI,0.1871043356677747
3KWGG5KP6J2UYCENUGUZO6TH6OXMC0,0.27922628416691525
30QQTY5GMKK7Z3O0C1DAZUIXI02U72,0.17844400753240555
3XT3KXP24ZYJMCFVZAJ4ADUQTTX6I7,0.2848767874277646
3K3G488TR280K6307ZE8R97CO91Q5E,0.28621170561943615
3M47JKRKCX1QX63IQO7DXO0CQXX684,0.286211735175909
3OCZWXS7ZO7PT9NNFU6CAN8IE2G5L4,0.28621172507179127
3HJ1EVZS2OJXISVW6VFFH2JX6YK3R8,0.2862116797678449
32K26U12DNONTREA84Q1V8UCIIEDV3,0.3092502307632177
3XAOZ9UYRZR1WO2H6CCWOJUVCTW1Q7,0.30925032036957384
3L2OEKSTW9ASGQDOW725GFK5P7LY8R,0.30925026923096405
39TX062QX1OHFOH8FUL76K5L7GWX3R,0.30925022984141554
3R868ACW4SC7EVTBBRGCMZA5JLZZGY,0.30925023047179595
3XWUWJ18TLQ9XE0WP96L9MWHQA2UU5,0.26238206861043056
3RBI0I35XE36FT7IKQ79PYCU9LT3Y4,0.18305726396641345
38RHULDV9YFHGRU1QSW887T3HVVIWP,0.2223473596979307
3KLL7H3EGD1457JCU09RMT9AA9FHVM,0.3034610735610676
33KGGVH24UHL5L3TSQ7OIRQO9VL1X4,0.3034608648248788
30EV7DWJTVV5CCU03S57W1OEJC0Y6A,0.30346107269350764
3SU800BH86SH5LTF80MGZLZSNPWUQ0,0.2594144495834843
3538U0YQ1FU0F2QNF0FL0D5E3A3F3J,0.25941443397158054
3SCKNODZ0XGU4D4RF01OLZQ3A3H7NT,0.19827647801582468
3TZ0XG8CBUKDFP5GOVAPHYREGY698J,0.24249448899784262
3XUY87HIVPE77YQE75ODR2YT02WMMD,0.24249450281885054
3E9VAUV7BWE6ZE63T5MJC6Q0FWJAY7,0.18794462058086167
3MDWE879UH2WHN3NR7UZ80HFO4L9BC,0.30886488158102104
3IHWR4LC7DD6QQYJSPG2URQHZPLI85,0.308864848227224
3SV8KD29L4SCGHPU1I1RKR2YQ2GZK1,0.3088651668657367
36QZ6V1589DTI18S04BLULET5EEUSO,0.26714395486659165
3E22YV8GG16JAJ8RBMV5LLHOAXMPNH,0.17192716987070464
3KG2UQJ0MJO4AV96BZAULQ7YFT8NQ6,0.17192716086913742
3EN4YVUOUCSS02JXIFDUMRMA3CQJXV,0.1719271555691438
3SU800BH86SH5LTF80MGZLZSNQUQUW,0.17192717202088084
366FYU4PTGPE5MYY5VNEZH1G2VAKEH,0.23004617844138223
3MXX6RQ9EV5XOBYLTHG9MCBOJGRP4M,0.1971633080545755
3566S7OX5DJRQ6X2AD3QOSD072671F,0.36842296497978294
3QGTX7BCHP29YY4RUVXLI2JGTBTZ5M,0.19974793229128948
3O2Y2UIUCQU6B0YU067KHZMGEWPKFZ,0.24730981244401293
37Y5RYYI0P5LZ52N59M8ESDXZVYXSK,0.2473098365783953
388CL5C1RJN1927IGW7LZKB8JB7LH1,0.3709003072210959
3EN4YVUOUCSS02JXIFDUMRMA3DJJXQ,0.37090033777301484
3S8APUMBJXJ5IXU0UTURIW3QR3EBF6,0.37090029814761377
3QMELQS6Y5BWFBIEPXDDO5VHGPLR61,0.29409397153799616
3RKHNXPHGWWVUIVKVV2J3ZNJOK2KUY,0.2728627581488044
3TFJJUELSHP4R8AUKYBF9XFJ0JB2CK,0.25771988749929003
33QQ60S6ASITHSOGR2S1KF8AALZ0U9,0.24700742299767595
3OREP8RUT2BBWXQV5D090H32SHGGBA,0.22573654635052495
3XU9MCX6VOC8XAZD2V1AYSE50KE2RQ,0.3409744922193922
33KMQD9OFJE51SC4ZTKZP24DAOC77I,0.3409744922193922
3NI0WFPPI9G8FHYFVKUY49UU7ZM06C,0.3409744922193922
38VTL6WC4AD9T8UMY9V24VAENII5YW,0.23531989467151093
3HRWUH63QU2FH9Q8R7MRNFC7JYDN5N,0.20208626332489724
3NKW03WTLM7UXPIK301HH9KP856WQ0,0.2422503508184892
371DNNCG442WZ4EUM1F68YSQA53T8X,0.38188387607287816
335HHSX8CD5IBQJQ3F9XG733A33DHD,0.3818838176309652
3V0TR1NRVA2Q17SJ4YYCWHMTKVL4AH,0.38188385937604874
3NI0WFPPI9G8FHYFVKUY49UU7ZH60D,0.3818838775620826
3TKSOBLOHLGF5GIKPR8VZ6C5C4OBBO,0.38188384721736107
32TZXEA1OLKU7JFJ8F5JLGTQG1F41T,0.26345262638761574
3CO05SML7V5110WZN8XWF4LQ3NS0R4,0.30809693061280313
33BFF6QPI1B2QOCI5PPL41REYDT3W5,0.29058773033221513
3E9ZFLPWOYSW5RZR0XSUAQ7AQXWIXD,0.36794931926016283
3W0KKJIARR9XWLO7SS1E775URSCK8I,0.18477344453797862
3ZURAPD288N45ZC8SW12CKQH5QV1FJ,0.29345147116718606
3087LXLJ6MG4YARQWDX2YF770ZH0F9,0.29345140385558904
3GVPRXWRPHU2QCT0IKOWGRUMO4N7ID,0.2934514103052124
375VMB7D4JJI7LUA9XRIGJ4IAFKIDB,0.29345138479660093
3ZLW647WALVGE8EBR50EGUBPU7W23M,0.3016034699666456
31HLTCK4BLVQ5BO1AUR91TX9VAUGVG,0.301603493259006
306W7JMRYYYW3IKDMFOL84M44Y8B8U,0.3016034689846942
3YO4AH2FPDK1PZHZAT8WAEBL70SQ0T,0.23856573285521473
3B6F54KMR2CD94HUYG11JJ9WUGOS1S,0.23856570704111868
35A1YQPVFEGN38FHUR9ZI7GQXYMI53,0.23856562494926195
37J05LC5AXJE2WEGRFCISKJINU9DJI,0.23856576682163763
3XBXDSS888JYVS7XL0P726Z271VLXZ,0.24904171804321887
3JUDR1D0D6R8L9KDPGCAT2404YC2QP,0.2163798544913922
38Z7YZ2SB32CWUYFEJX2GIBHTU9IQG,0.3202279053171528
37OPIVELUU3KDJGEJ5IVQ6VXPZ8HAF,0.35016002391277495
3ZFRE2BDQ9EI0HO101GGALA0MAYXZP,0.313300896440679
374UMBUHN5PYB7473DVBAKO90WTTC8,0.2683422050869307
3NC6WP7WJHKZHME6F90N9Y2BW6TWWA,0.26834217661561527
36KM3FWE3RCRJHCKEUZQANUQ2A070C,0.4950070689911767
3P888QFVX3UMSG9ICEA70F73538QOJ,0.49500719311284486
3CMV9YRYP31X08284WA6BXRNW3GLJB,0.4950070344436308
3CRWSLD91K4V71BQKL3QJ6NYV2GMOX,0.495007106111314
3RBI0I35XE36FT7IKQ79PYCU9LYY34,0.4950071345349621
3DWGDA5POF4T1WYYSB66U6T3TLC1V2,0.2964882068868911
33W1NHWFYHLBJ0FHVRFJLIPU9EFZTD,0.2964882273232761
3DTJ4WT8BDF9UHXK5WQOMWPT64SZEN,0.384092227000465
33IXYHIZB5IJO6U8GPHAZLFMLVOE2P,0.38409219211662865
3HKIF5DF6YXS84BY7TMD9B8C4HD9GT,0.38409215625181475
3VMV5CHJZ8FBSJKC5ZRU0B9OYOGTGD,0.38409229511631854
3NRZ1LDP7W6DR8MAEA6ZG8OXKCMZP2,0.3840921217270063
3D06DR5225J65XHPA2Y8IB3T6LCAMM,0.3739235223455806
38B7Q9C28G5QBBMSVGDRXKVNA4869O,0.37392351534270446
3A520CCNWN08T9PCT4AP53YKXKEAES,0.373923464229365
38EHZ67RIMS7FOUSW2QIEXEW4GPGM4,0.3739234531606656
3BA7SXOG1JQJJP12ICAB8JR8MKB8R4,0.3739234324534628
3HY86PZXPYICZLCCXLHWU25HTPA1EV,0.36085235104931995
3Q7TKIAPOTAKXM2GU0OV8ZWARJEDLK,0.3224156412787525
3XEDXEGFX3OFEWJ4XOOZESZC8U10KC,0.3224157614770328
304QEQWKZPKY4N4JVGGSL9GLSZF0O0,0.23307934720010512
31D0ZWOD0AZ92JAILXBAKEWG3IC0A2,0.3663008673501011
39RRBHZ0AU1QWSJ60MFYM0DF6ZVZVT,0.4589103263748604
3JYPJ2TAYI87MRVADYCSDG8F87TPF5,0.45891032606676124
35U0MRQMUJ7EXO5ZYD4H626BMVSOVG,0.4589104095725261
3ABAOCJ4R84YSDO6ZYVU8BIYA3YQM9,0.40252727924680415
3CVBMEMMXBG2UHIGC26BGFT7OS0H7O,0.3554742301849014
31SIZS5W59FPPT1Y46RBUAC8GQRRQS,0.24834773303653868
3K1H3NEY7LZ4BUOFJ9RFV7R2V2SGDH,0.24834774708754703
3GS542CVJVNUS7MEQX3M5EHNE9X597,0.31137712759581904
337F8MIIMZDU0UU1CW1J7BAGB8G04R,0.26440138446478195
3RBI0I35XE36FT7IKQ79PYCU9LTY3Z,0.43025569778752465
375VSR8FVW9Y3L2PR2AOL3OCLTIRZS,0.29435272384423977
3WKGUBL7SZM7XQJN1PN25V24E6L4LY,0.29528731167582817
3KI0JD2ZU1IMXSYZGJF7JO4HFEK76D,0.2659057025708645
3S4TINXCC0NZOA7TTWDH5QC4J3COBA,0.28019683141657054
3AC6MFV69KILEROMVXYU7ZM6YKKZH3,0.28019683462970324
3SBNLSTU6U542BJK91F4GE786SRZDU,0.3274740957168017
3TLFH2L6Y9OLDPC56K65Y7FNO69T2U,0.32747421851198916
3WRAAIUSBJZHZ9GTO90HTSJRDPRAX1,0.2287625766341069
3VMHWJRYHVGCV0X1ZPM97TUIA61XF0,0.25955927648773625
3XBYQ44Z6P47P5ACK4VCMEVCSCBWTK,0.43089784092006306
3EFNPKWBMSO9IYBXCIW0X6IAX9C303,0.43089784092006306
3K8CQCU3KE19US5SN890DFPK3UPWNJ,0.4274414749187117
3SD15I2WD2U4W9XCE7CH67S1AB5369,0.29051186803303014
3KL228NDMVMCP0UPBQD2ZKMSFBUKG3,0.3137755706943665
3L1EFR8WWT5MU4F3W9GVRQ8032JF96,0.4045155995256146
3LAZVA75NIR50X7XA3K64X90PXU2OH,0.4079817040730022
38F60IALAGHEHF9RRX2RFJM8R7X0TN,0.40798172747890465
39I4RL8QGJH5BU0XA484D39XXPHH49,0.40798176737965264
3F6045TU7DODTUOQTNG3HUMP04O998,0.3254677002376994
3WKGUBL7SZM7XQJN1PN25V24E6R4L4,0.3303443214910508
3B9XR6P1WEVLNZGWDJLCXUVIK92JBM,0.330344274606773
39N6W9XWRDN795J6F5ET8S13DQ3GYU,0.3303442453577103
3J06WJ78HNK9N8EWZPQV1U0JIOPVVP,0.3303442980432943
3ZQX1VYFTD5GMC9MQKT7EOM3BYK8OQ,0.3303443020944619
391FPZIE4CM4SSUCPAZMQ77RW3YHUR,0.31976391502244506
3TUOHPJXYHXE6MJWPEW9BHGI58UXWZ,0.3192712465424498
3FJ2RVH25Z62TA3R8E1O77EBUYE299,0.31927117924958776
307FVKVSYRF8I5ULXVMSMQK3JMG74S,0.4207206083528911
39WICJI5ATS6KJHNGC9S35LWFF33Z1,0.4207206226610786
3VLL1PIENQOV68A9ZATKR8J7A7QZOL,0.42072057703904614
31S7M7DAGGQREBYDGQOAD3EWU52TLJ,0.4207204299597381
31HLTCK4BLVQ5BO1AUR91TX9V9WVGV,0.4207204267790096
30UZJB2POHC8D5XY9O2CE1E1EGV53W,0.4303646166631403
32TMVRKDGNYCIJZ470EY0QGYU6M84G,0.4303647522991432
3T2HW4QDUV7FRSVT57QUJKNX6PRC9S,0.43036452981174006
36818Z1KV3D5JB9F4KTTMCUN6UR3AV,0.4303645854340336
34F34TZU7WZRZMG0UQS1W1SEQ3K2JY,0.4303645798591708
36GJS3V78VQHEGO7T5DQY5MF0MUJG3,0.4819484751903713
3UEBBGULPFOKEW36UKBMNMVEGOLFUR,0.48194851092993024
3D1UCPY6GG9R0NG07M9FQLOSG6R38R,0.4482237959763253
3M4KL7H8KVN8M6JXR3YYIED4CRR61K,0.4482237959763253
3SU800BH86SH5LTF80MGZLZSNP1UQ5,0.3607514529991744
3OB6JN3A9QPY4E36CDKUD1S36PVMR1,0.40111390889457793
3INZSNUD80QPWK1753L53Q5FRQV9DJ,0.5245174209119675
33NOQL7T9OZSLGNTST4OUMT7V1P8ZS,0.5245174179314472
3LCXHSGDLT6CT5B6A4WGQ3SQJPNSE6,0.5245174203091939
359AP8GAGGKBD970QASA5OWRBZXC7A,0.3952138260043642
322ZSN9Z5GKVG3RSAYPTRMCL8JCT4V,0.39521372104269087
3ZURAPD288N45ZC8SW12CKQH5QPF1R,0.433655647854603
3KTZHH2ONIFSM9OAD4EUMKXYGX7M8P,0.43365565452189875
3NOEP8XAU42OMDMVDSIEJN8MCBRPXW,0.4336556499939277
3OLZC0DJ8JF412UW0IRCM5APAMTVIS,0.35988236995908934
32L724R85LKRWIX0E6IDGDL7OYSIPU,0.44316482524225953
3H5TOKO3D9JPE5GGELH0GCK7OBW46Q,0.44316482524225953
3U74KRR67MLH2B1YS34PQVILZ07NTK,0.4559297973413554
3VJ4PFXFJ37PI5MYJ4PU9LKNJ88UAT,0.4559297954704524
3WJGKMRWVI9RUI8AHNVW5G6NXA6CD9,0.45592983042046736
3YZ7A3YHR5TCXMIDZ33DM9MD6WTS5A,0.4559297048999979
3J5XXLQDHMBPBZCDFFKPIZ80R4X3V1,0.4559297906250943
3AJA9FLWSCYF558603M84J73MS5FIO,0.5537279689311436
31JUPBOORN48GR6PDSDFM7I9GSI8LA,0.4803001167371197
3MG8450X2OAW59S08N7RZG9IITAPU4,0.6030387289134101
3T8DUCXY0N6WD9X4RTLK8UN1UCJ9T2,0.6030387233251147
3PMR2DOWOO1TV1G2927VO667SGL54B,0.6030386825549133
3MG8450X2OAW59S08N7RZG9IITFPU9,0.6030386290473776
3URJ6VVYUPNF3BMKEH3UXC6Y9BVO44,0.6030387404657445
3IKDQS3DQE082TOW91W7WDM0PG6ICB,0.47631143839093876
33NKDW9FFXI5SODR8NW8ZN9FDSHXCV,0.482104600636359
3PKVGQTFIHKYYVSKVG857WFAFZ9RYW,0.482104600636359
3G3AJKPCXLSRXPQMK4CSZ340NLUY4P,0.482104600636359
3EAWOID6MTXTU7DGWS26G1ATOSD0V3,0.26190679203006934
3ZVPAMTJWN3YC47K1AMZ0W86A3OGRS,0.26190683518164565
3OJX0UFJ0Z7BDMCTRYBUDQ93DQQU9E,0.4829251018939041
3WJGKMRWVI9RUI8AHNVW5G6NXA0DC4,0.4903156306059286
3W1K7D6QSBHBNEL0V5OYLOJ837ABZU,0.4641544174241625
307L9TDWJYSC3U34DOYY8IEN51V3NK,0.5679069713015594
3CMIQF80GNQW3A3ECIODJFLCK3E6QA,0.5224861082621154
38G0E1M85M59ATPWUZGQ58Y04HGUVZ,0.43711932891506994
3XUSYT70IT170QDU572CAF4MOL90D4,0.5062562990686265
3X2LT8FDHWIORLIOH6KHVIZPE138WO,0.13380870750597038
3QX22DUVOOHQXLKNLXP4EYH6RZBVME,0.2062500520363271
3NBFJK3IOHIVFRF49I5V6131ZH1GOI,0.1706279319254207
3LN50BUKPVBTMJ56Z9FQ8TDZ56KLPH,0.2311560881906177
3CZH926SICETRK9VK30YS0CK5AME4P,0.23115608102515606
3AFT28WXLF29BILZZ65YRDGHEV9OI0,0.23115608182706848
3MXX6RQ9EV5XOBYLTHG9MCBOJHNP4K,0.2311560751486992
3VW0145YLYCH6QKT48BLBA6CWALMJX,0.23115607676952443
337F8MIIMZDU0UU1CW1J7BAGB9C04P,0.1883416189552585
3XABXM4AJ15J7OM25XLB3TH3QZ68Q2,0.2401666677952068
3ATYLI1PRT256T55HOQY3EVHRA0JO9,0.24016671304616735
3SNR5F7R92TNZR8A5S22M1M3ASMEI3,0.24016670890144398
38LRF35D5LWPYKNDAPAKMD6HD1M3UI,0.24404309841747462
3XJOUITW8UR258EQ8VW6UPDQ4D7QTR,0.24404217345364754
3XEIP58NL0NN0N7CMIDSZRFDF2PZL8,0.24404217383918655
3VGZ74AYTGGU62I1JDW4B19KA41CG2,0.24404216941343426
3X878VYTIEIIGLRAHCIBDUHU8DQF7R,0.24404113616323883
3L55D8AUFAXUST31DJIAI1GOFZ8CYF,0.24404217449745222
3XH7ZM9YX2UJXUKCN4GP8FMJ6RPR9A,0.20624388913724548
38F60IALAGHEHF9RRX2RFJM8RBUT0L,0.2668178491728154
3HXCEECSQMT70MEB5X2ITZH9OHTYZZ,0.266817836299493
3HFWPF5AK9J9J7V9LKFK7COTS413S2,0.17901982944520856
3ATYLI1PRT256T55HOQY3EVHRCJOJ1,0.18551883301199087
38RHULDV9YFHGRU1QSW887T3HX8IW6,0.1855190578316487
3BFF0DJK8XCEIOT30ZLBPPSRM0BTS0,0.18551882092358693
3G5RUKN2EC3YIWSKUXZ8ZVH95VK9NQ,0.18551884866535076
3D1UCPY6GG9R0NG07M9FQLOSG7S83Z,0.18551904942403988
388FBO7JZRTDJX0S29ROYCA0E42YN1,0.1831063866027268
3AQN9REUTFG4XL9FDFDL27Y60ZJYD0,0.18310637658814485
3VDVA3ILIDFAJZ833G7KU5QT67A1G1,0.18310635240223772
3LEG2HW4UFNBUKU4B01GH30MXYLF2U,0.1957838023624093
378G7J1SJLY50MSFU96HNSVBP44EWW,0.20933447313277095
3OKP4QVBP2X6DNL3ZZ0D56JWA1DAGV,0.20933447598271634
3NZ1E5QA6Z1DG01BOHHIWKCD2945BL,0.20933446296724365
3UAU495MIISEK9GZTNUCAG4S8QVUOD,0.2093344860713674
3DA79LNS59VAY78OAKKAHHKFUNF3TR,0.19298832065835528
3OQQD2WO8I6KPTSDG8L63AI6J4GI32,0.23123407966371679
3RWSQDNYL9MVVE6GZVGN1MUB62QFFE,0.23828507671128407
3VIVIU06FKCLBF0NMQQLZ9RCJVUIMF,0.16945265974391863
3CVBMEMMXBG2UHIGC26BGFT7OS3H7R,0.16945236913399228
3SX4X51T809U5021NIDLAFSY1N4AOI,0.21846910351431592
3RSBJ6YZECQP1RJ9YYZDOG3PY3HFO0,0.21846910233156433
3JUDR1D0D6R8L9KDPGCAT24040X2QE,0.2184691309500337
363A7XIFV4MPVKBYOUZZ57M6XFLAV2,0.2184690631532543
3SSN80MU8CONBMPF00D6N6MNI33KXC,0.21846907225385545
3VMHWJRYHVGCV0X1ZPM97TUIA65XF4,0.23279714074684113
3B6F54KMR2CD94HUYG11JJ9WUHKS1Q,0.26265026688365506
3FW4EL5A3LORTQISN5M9XK6XOT022F,0.28073822756683237
3RDTX9JRTY19FB0XEQIJ3YVJ5FW97U,0.32053541533410046
3X52SWXE0X5Q3O81YI0MX4V84R8CWG,0.32053537860618564
3K2CEDRACB1BKTGYG2PPDGTLUCCMT2,0.32053541567002664
3GMLHYZ0LEXQENK1ZA3AC72UMZEUY6,0.32053541283779424
3J94SKDEKIP6VXZV2D8ORA0D5VW5DA,0.3205353821167167
3MZ3TAMYTLNC8VDFRYM2L8LMPHCRIT,0.22100391777641007
33NKDW9FFXI5SODR8NW8ZN9FDUUCXR,0.2210039224584414
3MVY4USGB6NO9ADS6NM7BIQIBKCSI1,0.2667956936849139
3A3KKYU7P3H3CAKSB7U0000KY5BWMH,0.2667956920943129
3O71U79SRBPA5T3JR2KZ3BXZSTWSMH,0.2667956787415163
3B9J25CZ25DXW7RSEDQL0FSNYFVCSM,0.2667956894147718
3W3RSPVVGSR6EOD2GVEKIZ0YDKBLU6,0.2064185548708367
36818Z1KV3D5JB9F4KTTMCUN6VS3AY,0.20641829395854008
3WGCNLZJKF877FYC1Q6COKNWTFRD10,0.20641852273254602
3L1EFR8WWT5MU4F3W9GVRQ8034W9FH,0.3144216415098144
3M7OI89LVYOS99TV70NIZAWVGQW6CS,0.1808533057235465
3MWOYZD5WVO1PJWQWMIQWLCY0TMONX,0.18085331609538605
37M4O367VJI9ZR58F67RA0N7E885MA,0.28422342581837823
3W31J70BASWZ8OEK94HJ9T1DHLICK5,0.23465626028252437
3UY4PIS8QRLGTRPPQKKFKPZQ7JU1N7,0.23465621826041827
3NQUW096N688UWPZIKJTM3DK00K9LO,0.3478947065730256
386659BNTLHD8VXIPEIH9D3DZQJ10W,0.2058167707011557
3QD8LUVX4XYKT34CTD90LH35LCRX5L,0.21069436104666972
38F60IALAGHEHF9RRX2RFJM8R8ST0D,0.21069408217927055
3GV1I4SEO9PLCDN1KDGH2TMIAZA6L8,0.2136141780020683
3FVBZG9CLJEOC6IWR3L210JKGEY0HB,0.21361415537787246
3HXK2V1N4KFH8KQZMK7YZO0YYC5G2C,0.21361416337319047
3MDWE879UH2WHN3NR7UZ80HFO669B1,0.21361418178196367
3J9L0X0VDFMO5Q1YMYQVVEU0Y64W9I,0.21361418159569012
3WGZLY9VCHMPIFIX0BFR3UA47KHD82,0.25344887390090404
3909MD9T2ZH3P06K4KWHJ49BU1BFEW,0.2060063798070745
3CESM1J3EI31N7Z0ORNJB43Y86E6W1,0.20600638928709106
32K26U12DNONTREA84Q1V8UCIJYVD7,0.20600637074115427
324N5FAHSXBV7XKK0LCOZLP22SVKV9,0.1874248919289447
3OWZNK3RYLP0D2RU6PWF331P7L0U28,0.18742539914184198
3N7PQ0KLI5P89OQRKPVFIVKERAQE34,0.2768676922622767
382GHPVPHSRQHMTYVJJ2998NEMF439,0.3109490302906283
3909MD9T2ZH3P06K4KWHJ49BU1BEFV,0.3109488944544629
30P8I9JKOILSPEZHTY8IXW6K522V51,0.31094890546426535
3MG8450X2OAW59S08N7RZG9IIUBPU7,0.21717111067613573
344M16OZKIFFDSJ128FUR9IKWRGENJ,0.21717111530399735
39N6W9XWRDN795J6F5ET8S13DSIYGV,0.21717113342464064
39WICJI5ATS6KJHNGC9S35LWFGZ3ZZ,0.2093343988214035
3EN4YVUOUCSS02JXIFDUMRMA3DMXJ7,0.20933441896628704
3FO95NVK5C0129GBWAGGPAR9YGVSR5,0.20933444794274403
3NZ1E5QA6Z1DG01BOHHIWKCD2AKB59,0.22514543149794727
306996CF6WKESI0SNUF6TUZWQUFB1R,0.22514545533132083
31KPKEKW4ADELTFARBB6FPGML29B0O,0.2251463252793983
3SMIWMMK615MPIP1K9LMRAHEBREUW7,0.2251455606959736
38VTL6WC4AD9T8UMY9V24VAENILY5S,0.2251455538214403
3FULMHZ7OUXR381811OH58HTEDW4MP,0.24725461761896747
32TMVRKDGNYCIJZ470EY0QGYU84842,0.24725462828805558
3IKDQS3DQE082TOW91W7WDM0PGAICF,0.2472546290453672
3MQKOF1EE2O08GEFYEVXHADQPS2WDK,0.20623835291173487
3Q2T3FD0ON86LCI41NJYV3PN0CH3MI,0.26617443248891376
3087LXLJ6MG4YARQWDX2YF77001F0A,0.2661743489193515
3UUSLRKAUL3LI1DEQ6NLPUE9W1RD7X,0.2661744045349473
338431Z1FLFM4HOIPTZ755H81RUOR6,0.2661744115468467
30EMX9PEVKJFF53G6Q7JOY5V3O1KS4,0.3002267714163736
3NC6WP7WJHKZHME6F90N9Y2BW7PWW8,0.23102858665383555
3RTFSSG7T86J6S27BVTL0NLVY14WL0,0.2575006710085502
3AXFSPQOYQYB0GSCIL78GKM3Z8RJF3,0.19055773669197276
3MD8CKRQZZN836XL9G72X90M2W1RJ5,0.19055775047669873
3J9UN9O9J3SK3CDMF3ONDDZZT62J0Z,0.19055773723289682
341H3G5YF0EA3RIQXPR917NPC4EZ0Z,0.33209544235338195
3KWGG5KP6J2UYCENUGUZO6TH6QDCMA,0.33209542111373497
3VJ4PFXFJ37PI5MYJ4PU9LKNJ8BUAW,0.33209534406793884
3O71U79SRBPA5T3JR2KZ3BXZSTWMSB,0.3320954065973926
311HQEI8RSGOL2IAIOCIGMXCKJ1Z7I,0.3320953400695528
388FBO7JZRTDJX0S29ROYCA0E42NYQ,0.2539984521226269
38EHZ67RIMS7FOUSW2QIEXEW4HMGM3,0.25399845974749413
38XPGNCKHT0ATVVHFTP8S40655P4VL,0.25399845813428407
3IWA71V4TIGGC74QYWJ5DNH5H8K6XU,0.24303842868935374
3QE4DGPGBRBRBY5MQYQMS3XWIRHG4Q,0.2424946150158739
3ULIZ0H1VA5C32JJMKOTQ8Z4GXD512,0.24249450637733627
3X0EMNLXEPPWIOH0DDHWV2B1W23VPN,0.2193890474315863
30IRMPJWDZJ3EQ33R17EYO0ZHL1KRX,0.21543157473919447
3CESM1J3EI31N7Z0ORNJB43Y85WW67,0.28083219805034004
3V7ICJJAZAGVKHXBACY8RS6Z2EPB44,0.2942706328121871
3KWGG5KP6J2UYCENUGUZO6TH6QCMCJ,0.2763890129470135
3HXCEECSQMT70MEB5X2ITZH9OICZYL,0.3831074163152047
3BDORL6HKKDLVSRFZOQGA5NRCCTCRD,0.22461587011934234
34XASH8KLQMDS1NRZLG586SO59PPMY,0.23004616714442547
3IVKZBIBJ09ODF28054MB6P3B7XHSX,0.23004618850312433
3J6BHNX0U9SIZSBBYUQXP4VPGOCNKC,0.23004616650788234
3U74KRR67MLH2B1YS34PQVILZ14NTJ,0.1839474042304848
33EEIIWHK77HI0IFDQWLV71B1YNVQC,0.18394739367518098
3CMV9YRYP31X08284WA6BXRNW5TLJS,0.18394725085714056
3XEDXEGFX3OFEWJ4XOOZESZC8WIK0H,0.19716290424204544
3RQVKZ7ZRKJYFRFYTH34TBN5ZA572L,0.19716325961196335
3ZVPAMTJWN3YC47K1AMZ0W86A4LGRR,0.19716286393277263
3RIHDBQ1NEYLFKP3G880ZXQXJIFMHQ,0.19716295588261779
3IWA71V4TIGGC74QYWJ5DNH5H72X61,0.3085807611622884
3G5RUKN2EC3YIWSKUXZ8ZVH95VH9NN,0.3085807610806804
38VTL6WC4AD9T8UMY9V24VAENJ25YI,0.30858073165150973
3126F2F5F83FGDVEINSMVYNFW7YPE9,0.30858074444705336
3LN50BUKPVBTMJ56Z9FQ8TDZ54ZLPS,0.2691585144521497
3KI0JD2ZU1IMXSYZGJF7JO4HFEO76H,0.36360178676503896
3WJGKMRWVI9RUI8AHNVW5G6NXB2DC8,0.36360177782469455
3P520RYKCH6SCZAHO8YD1A41RUAU5Q,0.36360176082602796
34YWR3PJ28ALYWIBW73O4M7E44H0X4,0.36360187639430536
3GS542CVJVNUS7MEQX3M5EHNEAK59W,0.36360176212238726
3GS542CVJVNUS7MEQX3M5EHNE9159B,0.36410990001460547
30F94FBDNRKF12C1PDZGZ0IRID7BT1,0.21819060802650747
3D1TUISJWI04ON5WVSH7QJ86WHZUIL,0.36479094293753245
3G3AJKPCXLSRXPQMK4CSZ340NMQY4N,0.36479098628728596
31KSVEGZ34SU9QXKGFQHMZUU4TRWRO,0.3647909472714375
322ZSN9Z5GKVG3RSAYPTRMCL8LP4TN,0.3647910224596969
3TZ0XG8CBUKDFP5GOVAPHYREGZ289G,0.2963277032749922
34KYK9TV2R8EM2ZM0DUQPVM5GUUSBU,0.2963277012157543
39HYCOOPKOL434K1UCPA8CBZRP6DMQ,0.2963276662168743
3E22YV8GG16JAJ8RBMV5LLHOAYIPNF,0.2748242181242986
36JW4WBR06KF9AXMUL4N476OMGMHFV,0.2748241863775558
367O8HRHKG8U13EDLYK3HHGZ61US43,0.27482421957928943
37OPIVELUU3KDJGEJ5IVQ6VXP09HAI,0.2748241908534652
3K3G488TR280K6307ZE8R97CO955QX,0.2748242208883659
3SA4EMRVJV2GPNGKAGT7A9LB26QP0P,0.29568611512435733
3PR3LXCWSFZ3UQ6OW3MHXX8779TX9X,0.2823860332452641
3LB1BGHFL2WBEA5CZ5D07BGS3MOTYX,0.23101942136967302
3O0M2G5VC62CWOIECSKC0MB9EEP49Q,0.23101942136967302
3YKP7CX6G2FS34FUCAWFU4Q9TFZB76,0.23101942136967302
3UUIU9GZC55DCMVSO383WEIZ8HK5TT,0.2877655419879737
37AQKJ12TXOFXO6IPZQ1ZUODOK8TTA,0.24730979411142529
3NSM4HLQNRUPDSMYRR2BPK23K8TQQ2,0.285689955366249
3J5XXLQDHMBPBZCDFFKPIZ80R8V3V7,0.24528221448647924
382GHPVPHSRQHMTYVJJ2998NEMD437,0.2452822366073283
385MDVINFCFDB2E78AH8K883UBGJW0,0.2452821980365029
3TKXBROM5TAVA7U2JTDTJHZVF11JIE,0.24528220731795888
3XEDXEGFX3OFEWJ4XOOZESZC8WI0KX,0.24528220099514617
37NXA7GVST66R322LLOPEL2HRRJVL4,0.3848861943005513
36KM3FWE3RCRJHCKEUZQANUQ2B2079,0.3848861943005513
3R15W654VDTEMV6LZMUF8Y39AZ5LQ1,0.16028816124835574
3PIOQ99R7YMW2OGNS8UZVR4NIFBNUA,0.2928979851452225
3IKMEYR0LWVMA6MICBSDXGSR5U2K21,0.2928979851171453
3XQ4XW3OD9CKYPZQHK1FO2J1MNZ2SI,0.2928979851234745
3HFWPF5AK9J9J7V9LKFK7COTS1Z3SU,0.2928979851161749
3LOJFQ4BOXF9DGKY90CUTZJV2LRKDA,0.2928979850971703
3A520CCNWN08T9PCT4AP53YKXLYEAI,0.2223453187132588
3NOEP8XAU42OMDMVDSIEJN8MCD9PXI,0.26080875489375016
3INZSNUD80QPWK1753L53Q5FRRFD99,0.2608087523937917
3MD8CKRQZZN836XL9G72X90M2XKJRI,0.2608087194423273
3EHVO81VN5LOJV3ENMP2F52UL641HF,0.2670955928515321
33P2GD6NRNSQPWP0VWVKKKYTUDKKHJ,0.26709571023523354
3W5PY7V3UP7H0797NBZW55TJ5KZJYK,0.2713979247221531
3CKVGCS3PG5D2FWC2XX15EQMPQXS08,0.2713979100651209
3VMV5CHJZ8FBSJKC5ZRU0B9OYPHTGG,0.2665400801499472
3E6L1VR4XWMZCLD5Y2DJ7GHYD26F6S,0.37476772696937094
3BCRDCM0ODUAS75JZD4GNT93LZ4K6I,0.37476772696937094
34R0BODSP1ZBN3DVY8J8XSIY56HE5U,0.28838546570301554
3NC6WP7WJHKZHME6F90N9Y2BW88WWT,0.32786386989358096
32TMVRKDGNYCIJZ470EY0QGYU8548Z,0.32786386989358096
3INZSNUD80QPWK1753L53Q5FRQZD9R,0.32786386989358096
3MYASTQBG7BVOJITM5WRPLV41RJQD8,0.3989081096240769
3ZQA3IO31BRYBCP1RZKSZEZVXSIO1Q,0.25787387716930754
3FDWKV9VCN2QK6VNG7FZICFNDP0UMG,0.2578739734567437
31S7M7DAGGQREBYDGQOAD3EWU7KLTX,0.3409744922193922
33TGB4G0LPHME5F2U9RYOX9J1FDXTC,0.3140434061189334
3R868ACW4SC7EVTBBRGCMZA5JMMZGN,0.19665062066049957
3BJKPTD2QCC2H9TQLAL6ZFNV0Z9RTT,0.24069283317115553
324N5FAHSXBV7XKK0LCOZLP22SVVKK,0.30248401726072416
334ZEL5JX6FY5WOV4IZCVFM4NTBOSS,0.30248401726072416
3EKTG13IZU3N1G8T7TNYRPJ40Y8LME,0.30248401726072416
359AP8GAGGKBD970QASA5OWRB0ZC7E,0.2300446198715572
30EV7DWJTVV5CCU03S57W1OEJEE6Y0,0.2319202811649699
35F6NGNVM8JSZQ9BCWN0UYWVZNFT7W,0.23192026911534835
3DWNFENNE3V120VNY4BPPGPCAIIJ4F,0.23192027453321948
3DTJ4WT8BDF9UHXK5WQOMWPT668EZM,0.33887487126976396
3BA7SXOG1JQJJP12ICAB8JR8ML7R8L,0.33887487071588057
3FULMHZ7OUXR381811OH58HTEDVM46,0.3388748485624063
335VBRURDJ0UOQF71YWP98N0R20E9L,0.3388747931184846
3FULMHZ7OUXR381811OH58HTEDT4MM,0.33887482429215227
3V7ICJJAZAGVKHXBACY8RS6Z2D9B4M,0.3024214927836764
3E24UO25QZQTIYQYX5W9UAQC54EO66,0.26072830589482315
36KM3FWE3RCRJHCKEUZQANUQ2B170F,0.3124428701673163
3IVKZBIBJ09ODF28054MB6P3B7ZSHA,0.31244294413356893
3OND0WXMHWFN3WXQZAKHMPLOAGQHEY,0.2217992671221424
3D7VY91L65XBO7MHGGY4DMNZO5CMBC,0.24873632043984664
3ZRKL6Z1E83ADJ7XGZM4Q6D2W64GSF,0.29468097238983737
3IHWR4LC7DD6QQYJSPG2URQHZQ5I8R,0.3114937855145283
3VMV5CHJZ8FBSJKC5ZRU0B9OYQYGTM,0.3114938884226251
3BDORL6HKKDLVSRFZOQGA5NRCCSRCR,0.3267634337335935
3VGET1QSZ0ZKR7D571SBHI3U3HZW7R,0.32676344961511905
34F34TZU7WZRZMG0UQS1W1SEQ52J21,0.3267633241077059
3IHWR4LC7DD6QQYJSPG2URQHZQ58IH,0.3267634503949271
33N1S8XHHMLAAG38T8V9FC6ZHX1Z1L,0.28336608970633576
3WPCIUYH1A88GZAL39QMUQ6RLX2DTR,0.23777865103666643
3NKW03WTLM7UXPIK301HH9KP87PWQN,0.23856563239248932
3UUSLRKAUL3LI1DEQ6NLPUE9W0BD7F,0.33065431020817654
3NBFJK3IOHIVFRF49I5V6131ZIHOG8,0.3306544378389895
371DNNCG442WZ4EUM1F68YSQA7L8TY,0.3306545057188603
32FESTC2NHQDBKJW3ILLFGABJCFUCJ,0.33065433005483885
3D4BBDG7ZHWTCQ6DOYPKS7KB6ZT3CI,0.3306543160756304
30U1YOGZGAW71ZX6E9LWKLA5JF4DSK,0.39601834062712843
33CLA8O0MIBSY4BPQQGHIB8U9Q3RFN,0.295686149380827
3FDWKV9VCN2QK6VNG7FZICFNDQGUMY,0.295686308552813
3B0MCRZMBRUJD4K4R18XPAMJAE2PPW,0.2956861454982565
3HY86PZXPYICZLCCXLHWU25HTRSE1U,0.33755204793098553
3W1K7D6QSBHBNEL0V5OYLOJ838CBZY,0.33755204478382117
3RSBJ6YZECQP1RJ9YYZDOG3PY21OFR,0.32588280771855654
33KMQD9OFJE51SC4ZTKZP24DAQR771,0.25543316420494655
3OPLMF3EU5NTJYTTJU2Y44845OHNLF,0.25543316642274455
3D5G8J4N5A4UAGA7UUQG0CCYL5MVTQ,0.3335674389525014
37YYO3NWHDQHPQ2WHR0LLAO5CC7CCQ,0.3335674324423676
3PUV2Q8SV448KDG43NZ1UW05FQ2DB1,0.33356744310043934
344M16OZKIFFDSJ128FUR9IKWSXNEB,0.33356732303808334
31ANT7FQN82N7D4XO9REIVFBXNS5HM,0.33356744517985876
306996CF6WKESI0SNUF6TUZWQUG1BI,0.3255854083146044
3L21G7IH47WA5QT3XMTQ15XXB301YZ,0.2668586155646246
3ATYLI1PRT256T55HOQY3EVHRA0OJE,0.38132467799621456
3ZC62PVYDHATVMOMZJSVD0UPEB1XXV,0.3464290755515014
3UOMW19E6D6WQ5TH2HDD74IVKVLC5I,0.3312117757099075
3O71U79SRBPA5T3JR2KZ3BXZSSFMSS,0.3089512471630747
3ULIZ0H1VA5C32JJMKOTQ8Z4GYW51N,0.33755197864791525
3HKIF5DF6YXS84BY7TMD9B8C4IFG94,0.3375520503976736
3X2YVV51PU46GLY3ILB2G8CH0V01W0,0.33755204230026026
37ZQELHEQ0YDPGBEJ63D4HNT5UONM0,0.33755204272395806
3VGZ74AYTGGU62I1JDW4B19KA4YGC3,0.33755206898290346
3D0LPO3EABZV1I043OR1D1A54E7YOG,0.3732867398461366
3VEI3XUCZRX4PH0J4TCMU5MYBWOPRM,0.3085807522794293
32CAVSKPCEPTOH9YNLW1YKRKFE5U18,0.3764057226368906
32L724R85LKRWIX0E6IDGDL7O07PIK,0.3612995472519856
39KV3A5D187RKQWWNWIAKT09X41S76,0.2244099762675069
3OJX0UFJ0Z7BDMCTRYBUDQ93DQTU9H,0.33765592270431893
3H5TOKO3D9JPE5GGELH0GCK7OCY46U,0.3328933628294028
3R5LWXWHR08I90TWA9SRPEUUBL6GXN,0.35444438236100145
3ZVPAMTJWN3YC47K1AMZ0W86A51GR9,0.3544443268003897
3UOMW19E6D6WQ5TH2HDD74IVKVNC5K,0.315550013987665
3VMV5CHJZ8FBSJKC5ZRU0B9OYQYTGZ,0.22033164359264823
3UEBBGULPFOKEW36UKBMNMVEGP7UFU,0.24659581823990884
33EEIIWHK77HI0IFDQWLV71B1YNQV7,0.3113771550232318
3S8APUMBJXJ5IXU0UTURIW3QR4YBFS,0.31137709333539604
3XBXDSS888JYVS7XL0P726Z272RXL9,0.31137715701395813
3N5YJ55YXG3CNF2PM3D8VQSTBDZAN3,0.31137712041374305
3JMQI2OLFZ5ALM516D4ALR0ZWFGDNQ,0.2935810310297622
3S829FDFT21FXGJ58JRJJTRXYU6DXS,0.3481902578353841
3RWB1RTQDJNY7CLN5K6M3ORTL408PT,0.25064469382979243
3VW0145YLYCH6QKT48BLBA6CWALJMU,0.2750829491147551
3YGE63DIN8X69WDLM27223T7V5D0WJ,0.38982609758003406
3XD2A6FGFNUVY9KP2TGUYPRFST8S9Z,0.3555013834997687
3VDVA3ILIDFAJZ833G7KU5QT6781GZ,0.23442685093650298
3HYV4299H0WUALWXW6QB9CSP7XY8E8,0.2731749178149758
3Y3N5A7N4G971FFSQ8COLXL09ESYM1,0.36288378445950525
3RKHNXPHGWWVUIVKVV2J3ZNJOLMKUK,0.292161508702789
3ZG552ORAM40QHGUBF6KZP38LRSV2F,0.30940271473634423
3LAZVA75NIR50X7XA3K64X90PZCO2P,0.3418761885981632
3BS6ERDL9372E1Z97WITJGED1PR6D9,0.3214167447585618
3ROUCZ907FUJ74W2X1I3BAC3Q4AOOX,0.32846250585241693
3GL25Y6843UI1APILCQM2JER77HXMB,0.3284623768667177
3OWZNK3RYLP0D2RU6PWF331P7KJU2P,0.3703400037832254
3W3RSPVVGSR6EOD2GVEKIZ0YDLRLUO,0.33545769356863236
3ZRKL6Z1E83ADJ7XGZM4Q6D2W63SGQ,0.3574838078976026
3LAZVA75NIR50X7XA3K64X90PYWO27,0.40141459246000494
3ZUE82NE0A1MGZWTRHAHRUDPJXWF8E,0.3524222337490666
3XQ4XW3OD9CKYPZQHK1FO2J1MOHS2S,0.35420846639535203
3H4IKZHALBIJ7YWEV7IDHWCTAKYNN0,0.34876204972035113
3QMELQS6Y5BWFBIEPXDDO5VHGR16R0,0.2795907662880042
3DA79LNS59VAY78OAKKAHHKFUKD3TJ,0.3626868493468181
3RQVKZ7ZRKJYFRFYTH34TBN5Z9M27V,0.37409381043538154
3ZTE0JGGCESIYFZZ7W9CGAIM1QSCOP,0.3564873001707911
32L724R85LKRWIX0E6IDGDL7O05PII,0.3701930964206037
3YCT0L9OMM9GNBOJ33ZZGQMZXJ6NSC,0.3051868047609411
3DWNFENNE3V120VNY4BPPGPCAII4J0,0.3637013609367066
371QPA24C2OEO4U9NG6RTO5IW0Z1TP,0.3802402458531553
3P888QFVX3UMSG9ICEA70F73549OQK,0.3769428409063242
3W0KKJIARR9XWLO7SS1E775URUU8KS,0.35495470136454105
3O4VWC1GEW6GK4CJYQ66FBX6WJ2J3C,0.3571474732383582
3TLFH2L6Y9OLDPC56K65Y7FNO7W2TS,0.31413181988762656
3R6RZGK0XFCQR29140DF8T4D074YVI,0.31413181988762656
3D4BBDG7ZHWTCQ6DOYPKS7KB6ZWC3U,0.3756131910417448
34R0BODSP1ZBN3DVY8J8XSIY57XE5C,0.4395364698891164
3MNJFORX8B43THDRTJ3EFA3YH8CF5V,0.31369646924429756
36AZSFEYZ40UEUGQU8ZV0I6CFYNBVH,0.3177393231331664
378G7J1SJLY50MSFU96HNSVBP3KWES,0.3636275850056667
39AYGO6AFFKB0DQMWQWWFLQ7FTSN67,0.38281825597347785
3TTPFEFXCTKJQH4BTS1JA1TBTHK6HI,0.38281827867884727
36JW4WBR06KF9AXMUL4N476OMH3HFE,0.4262682300490217
3SA4EMRVJV2GPNGKAGT7A9LB257P04,0.42626835029110116
3TUOHPJXYHXE6MJWPEW9BHGI59VXW2,0.42626830177759967
3OREP8RUT2BBWXQV5D090H32SIIGBE,0.36432905338004806
3126F2F5F83FGDVEINSMVYNFW70PEB,0.3799491488656758
3K8CQCU3KE19US5SN890DFPK3W4WN2,0.5245174462484655
3UOMW19E6D6WQ5TH2HDD74IVKVN5CD,0.5001177210319415
36JW4WBR06KF9AXMUL4N476OMH3FHC,0.38837956215647745
3SZYX62S5G0QEOYLB052RIQHJKT57H,0.3876208893980153
3MXX6RQ9EV5XOBYLTHG9MCBOJI4P43,0.3684291045342056
36818Z1KV3D5JB9F4KTTMCUN6W83AG,0.3684291045342056
3BAWBGQGYLZ7CID0HRNFVGKGW8VV7E,0.3684291045342056
3UAU495MIISEK9GZTNUCAG4S8PFOUP,0.4939191325559091
363A7XIFV4MPVKBYOUZZ57M6XFKVAM,0.4939191325559091
33EEIIWHK77HI0IFDQWLV71B108QVW,0.3581374912210813
3QE4DGPGBRBRBY5MQYQMS3XWIRH4GE,0.3343465935089564
33BFF6QPI1B2QOCI5PPL41REYFC3WS,0.3650319835652605
3MIVREZQVHY32PO3EMIETYQUL0GKQF,0.3650319835652605
3CVBMEMMXBG2UHIGC26BGFT7OTMH7C,0.4888707998672929
3K3G488TR280K6307ZE8R97COALQ50,0.3463204553601236
31ODACBENUF1Q81BJVRGKKH42TCSQL,0.561782510109636
3W31J70BASWZ8OEK94HJ9T1DHLFKCA,0.4250829702728615
